Nr. Commessa,"IMBA  "" IMBALLAGGIO""","NEST  "" TAGLIO / NESTING""","PIEG  "" PIEGATURA""","PROD  "" PRODUZIONE""","PROG  "" PROGETTAZIONE""","SALD  "" SALDATURA""",Totale Ore
"25/001  ""KONE SPA""",7.18,0.38,16.75,2.62,11.24,5.66,43.83
"25/002  ""BIME ELEVATORI SRL""",10.47,,5.42,,5.07,1.0,21.96
"25/003  ""PANSERI ASCENSORI SRL""",3.11,,4.23,,2.08,0.48,9.9
"25/004  ""FEREGOTTO ELEVATORI SRL""",0.48,,3.72,0.0,5.97,0.55,10.72
"25/005  ""BIME ELEVATORI SRL""",7.14,2.27,14.24,1.07,17.34,3.62,45.68
"25/006  ""SCHINDLER SPA""",0.82,0.65,0.1,,,1.05,2.62
"25/007  ""SELE LIFT SRL""",19.36,11.86,27.98,,17.86,6.8,83.86
"25/008  ""ARE SRL""",8.89,,10.97,0.38,7.78,2.84,30.86
"25/009  ""ARE SRL""",7.35,,12.41,1.05,9.0,1.48,31.29
"25/010  ""ARE SRL""",11.78,,14.85,3.47,8.4,2.55,41.05
"25/011  ""ARE SRL""",6.13,,11.56,1.88,9.25,1.63,30.45
"25/012  ""ARE SRL""",12.6,0.61,15.82,,6.92,3.84,39.79
"25/013  ""ARE SRL""",7.38,,7.44,,15.45,0.55,30.82
"25/014  ""ARE SRL""",9.11,,12.14,0.58,17.1,3.0,41.93
"25/015  ""ARE SRL""",7.36,,11.66,0.58,6.21,2.53,28.34
"25/016  ""LGM ELEVATOR SRL""",8.28,1.0,19.26,,26.69,6.51,61.74
"25/017  ""ALPEMAC SRL""",12.33,3.63,12.79,,16.07,12.17,56.99
"25/018  ""ARE SRL""",10.29,1.0,9.43,,6.5,9.35,36.57
"25/019  ""ARE SRL""",1.63,,2.76,0.77,6.17,,11.33
"25/020  ""ARE SRL""",9.18,,9.96,0.4,7.35,,26.89
"25/021  ""ARE SRL""",8.95,1.0,11.03,1.4,5.3,5.11,32.79
"25/022  ""ARE SRL""",10.55,,13.31,0.58,18.74,9.72,52.9
"25/023  ""ARE SRL""",9.31,0.58,6.75,0.58,11.95,,29.17
"25/024  ""BULGHERINI PU""",12.37,8.56,18.81,,14.15,4.85,58.74
"25/025  ""BIME ELEVATORI SRL""",9.74,1.17,7.26,,13.74,1.97,33.88
"25/026  ""SCHINDLER SPA""",8.54,1.0,29.53,1.25,7.07,7.92,55.31
"25/027  ""BIME ELEVATORI SRL""",11.99,2.0,14.76,,13.41,4.72,46.88
"25/028  ""ARE SRL""",13.37,1.72,17.52,1.72,28.23,3.13,65.69
"25/029  ""COMPAGNIA SIDERURGICA SPA""",49.31,3.3,22.92,,8.31,10.09,93.93
"25/030  ""MECA TECHNOLOGY SRL""",1.47,,9.91,1.28,8.4,1.91,22.97
"25/031  ""SAT SRL""",0.26,,,,1.02,13.35,14.63
"25/032  ""SELE LIFT SRL""",12.7,3.06,18.87,,11.36,1.45,47.44
"25/033  ""MARTINELLI ASCENSORI SRL""",0.02,0.3,0.9,,1.08,,2.3
"25/036  ""BULGHERINI MC""",1.18,1.0,9.96,,10.6,5.12,27.86
"25/037  ""CENTER LIFT SRL""",16.85,14.13,31.66,,19.22,7.02,88.88
"25/039  ""SCHINDLER SPA""",0.5,1.65,7.71,,9.1,,18.96
"25/040  ""ESA ELECOMP SERVIZI ASCENSORI SRL""",10.42,1.18,17.16,,5.79,5.77,40.32
"25/041  ""ESA ELECOMP SERVIZI ASCENSORI SRL""",7.68,,16.16,0.9,2.75,6.88,34.37
"25/042  ""ARE SRL""",7.15,1.0,9.71,,17.7,1.4,36.96
"25/043  ""BULGHERINI MC""",3.5,1.0,3.53,,6.23,2.15,16.41
"25/045  ""RIAM ASCENSORI SRL""",,,1.82,,2.28,,4.1
"25/046  ""BULGHERINI PU""",15.3,10.08,15.4,1.67,24.16,11.78,78.39
"25/047  ""DETTO SRL""",10.54,1.0,14.61,0.88,18.84,6.35,52.22
"25/048  ""SCHINDLER SPA""",0.78,1.0,3.92,,16.18,0.79,22.67
"25/049  ""BONI IMPIANTI di Boni Renzo""",0.17,,0.43,,,,0.6
"25/051  ""AMMAR SRL""",26.0,3.42,38.13,,79.51,21.22,168.28
"25/052  ""RIAM ASCENSORI SRL""",,,0.58,,1.3,,1.88
"25/053  ""RIAM ASCENSORI SRL""",,0.5,4.34,,4.06,,8.9
"25/054  ""RIAM ASCENSORI SRL""",0.76,,1.03,,2.45,,4.24
"25/056  ""JAM SRL""",8.72,6.7,15.64,,8.25,,39.31
"25/057  ""CENTER LIFT SRL""",9.98,10.94,20.48,,12.64,13.6,67.64
"25/058  ""ARE SRL""",8.97,2.0,14.04,,12.01,5.65,42.67
"25/059  ""ARE SRL""",7.77,1.0,5.74,2.65,18.38,1.48,37.02
"25/060  ""ARE SRL""",9.28,1.1,13.3,2.05,12.22,3.29,41.24
"25/061  ""ARE SRL""",5.96,1.0,11.28,,9.45,2.01,29.7
"25/062  ""ARE SRL""",8.93,1.0,14.35,,3.93,1.9,30.11
"25/063  ""ARE SRL""",8.23,2.33,12.84,0.63,9.67,2.04,35.74
"25/064  ""ARE SRL""",11.13,10.05,14.81,1.92,11.55,1.9,51.36
"25/065  ""CGP ASCENSORI""",0.29,,1.27,,7.23,,8.79
"25/066  ""SAT SRL""",0.18,,,,0.65,7.83,8.66
"25/067  ""KALEIDOSCOPIO S.C.S.""",13.79,18.12,32.17,,80.43,22.13,166.64
"25/068  ""TK ELEVATOR ITALIA SPA""",3.28,,4.59,,14.23,,22.1
"25/069  ""FILTERSYSTEM SRL""",9.32,1.0,4.33,3.88,7.51,0.63,26.67
"25/070  ""AFOTEK GMBH""",23.14,1.0,10.75,1.28,3.81,5.31,45.29
"25/071  ""SAT SRL""",19.98,3.17,10.69,4.13,10.42,8.76,57.15
"25/072  ""PROVESI SRL""",,,,,0.58,,0.58
"25/073  ""FERRARA ASCENSORI SRL""",13.44,5.93,5.47,0.85,13.7,13.76,53.15
"25/074  ""UPDINAMIC SRL""",14.91,8.1,10.73,5.76,43.14,17.51,100.15
"25/075  ""KRON LIFT GMBH-SRL""",24.43,6.31,13.07,1.2,13.45,1.82,60.28
"25/076  ""GSB ASCENSORI SRL""",0.87,,0.65,,0.7,,2.22
"25/078  ""ARE SRL""",11.96,2.07,16.08,,13.23,3.74,47.08
"25/079  ""ARE SRL""",9.96,6.22,14.78,,8.86,1.2,41.02
"25/080  ""ARE SRL""",6.11,2.08,11.5,,9.27,4.08,33.04
"25/081  ""ARE SRL""",9.31,2.07,11.42,,4.87,1.38,29.05
"25/082  ""ARE SRL""",0.47,,,,0.55,,1.02
"25/083  ""USAPI SRL""",0.18,0.7,,,,,0.88
"25/086  ""JAM SRL""",27.91,13.19,30.5,,75.9,5.99,153.49
"25/087  ""RIMACO SRL""",17.9,2.68,15.43,,30.37,4.25,70.63
"25/088  ""TRR SOLUTIONS SRL""",0.08,0.4,2.44,,1.45,,4.37
"25/089  ""CORAL""",35.89,3.84,14.44,,75.59,53.95,183.71
"25/090  ""CORAL""",1.6,5.43,2.92,,50.09,14.54,74.58
"25/091  ""CORAL""",36.45,5.96,35.99,,19.77,13.86,112.03
"25/092  ""ZEUS ELECTROSTATIC SYSTEM SRL""",,,0.95,,,,0.95
"25/093  ""MECA TECHNOLOGY SRL""",3.26,0.47,8.62,,5.25,2.13,19.73
"25/094  ""RIAM ASCENSORI SRL""",18.13,6.46,18.22,,11.27,1.51,55.59
"25/095  ""RIAM ASCENSORI SRL""",13.39,14.48,20.54,,54.38,5.79,108.58
"25/096  ""SOCIETA' ITALIANA ASCENSORI SRL""",21.26,2.4,21.31,,47.26,41.86,134.09
"25/098  ""ARE SRL""",15.57,1.36,9.24,,10.42,2.05,38.64
"25/099  ""ARE SRL""",9.73,1.0,11.52,,9.46,4.53,36.24
"25/100  ""ARE SRL""",3.75,2.48,12.21,,30.64,0.52,49.6
"25/101  ""ARE SRL""",5.93,1.65,7.05,,6.77,9.62,31.02
"25/102  ""ARE SRL""",9.57,1.0,12.67,,13.99,,37.23
"25/103  ""ARE SRL""",9.39,2.78,9.53,,5.18,2.38,29.26
"25/104  ""ARE SRL""",7.57,2.87,8.46,,6.92,4.4,30.22
"25/105  ""ARE SRL""",8.14,0.44,9.19,,6.47,,24.24
"25/106  ""RIAM ASCENSORI SRL""",5.58,6.4,14.68,,6.07,,32.73
"25/107  ""RIAM ASCENSORI SRL""",18.88,6.45,18.84,,7.51,3.99,55.67
"25/108  ""RIAM ASCENSORI SRL""",21.62,5.21,10.41,,7.51,0.48,45.23
"25/109  ""RIAM ASCENSORI SRL""",3.78,4.35,19.27,,7.37,5.19,39.96
"25/110  ""RIAM ASCENSORI SRL""",17.38,7.23,17.25,,8.22,1.05,51.13
"25/111  ""RIAM ASCENSORI SRL""",20.67,1.0,21.2,,31.22,6.39,80.48
"25/112  ""RIAM ASCENSORI SRL""",14.13,6.81,12.91,,6.27,1.18,41.3
"25/113  ""VIMA ASCENSORI SRL""",0.28,2.45,9.86,,11.54,5.95,30.08
"25/114  ""MBB ASCENSORI SRL""",1.4,,,,0.83,,2.23
"25/115  ""CEST SRL""",17.48,7.08,24.32,,24.54,5.0,78.42
"25/116  ""SAMER SRL""",7.59,3.27,17.06,,12.03,4.24,44.19
"25/117  ""CORAL""",11.76,1.0,,,10.08,,22.84
"25/118  ""ALPEMAC SRL""",0.2,,,,,,0.2
"25/119  ""SAT SRL""",0.07,,,,,,0.07
"25/120  ""CENTER LIFT SRL""",6.74,5.88,13.94,,8.25,2.5,37.31
"25/121  ""INOPIA GMBH""",7.44,7.95,14.49,,11.93,4.47,46.28
"25/124  ""TRR SOLUTIONS SRL""",37.81,10.3,33.92,,9.38,21.35,112.76
"25/125  ""MBB ASCENSORI SRL""",,,,,0.67,,0.67
"25/126  ""AMCA ELEVATORI SRL""",8.63,4.92,15.81,,14.91,12.95,57.22
"25/128  ""VITALI ASCENSORI SRL""",4.0,1.55,7.7,,5.52,7.63,26.4
"25/129  ""VALMET TISSUE CONVERTING SRL""",0.23,,,,,,0.23
"25/130  ""CENTER LIFT SRL""",9.79,7.73,13.57,,10.66,1.45,43.2
"25/131  ""ARE SRL""",5.38,1.61,8.06,,5.12,2.0,22.17
"25/132  ""ARE SRL""",4.48,0.83,7.83,,7.78,2.12,23.04
"25/133  ""ARE SRL""",6.07,2.78,13.19,,37.31,5.34,64.69
"25/134  ""ARE SRL""",6.9,0.62,15.87,,6.26,5.92,35.57
"25/135  ""ARE SRL""",7.76,12.17,13.49,,7.36,5.56,46.34
"25/136  ""ARE SRL""",0.42,,,,1.97,,2.39
"25/139  ""BIME ELEVATORI SRL""",25.91,7.62,27.66,,24.27,7.98,93.44
"25/140  ""BULGHERINI PU""",1.13,,,,0.18,,1.31
"25/141  ""KEMIN NUTRISURANCE EUROPE SRL""",11.1,6.38,17.59,,9.0,2.86,46.93
"25/142  ""CORAL""",17.21,1.0,17.61,,11.11,7.81,54.74
"25/143  ""ARE SRL""",0.23,,0.72,,0.5,,1.45
"25/144  ""NEULIFT SPA""",3.18,,,,0.52,,3.7
"25/145  ""USAPI SRL""",19.96,3.7,14.46,,4.65,7.71,50.48
"25/146  ""ASCENSORI BOSSI SNC""",17.83,7.69,38.08,,21.83,8.83,94.26
"25/147  ""AMMAR SRL""",2.08,9.7,5.85,,13.29,3.57,34.49
"25/148  ""MODESTO SRL""",7.07,1.85,12.21,,6.72,2.35,30.2
"25/149  ""SCHINDLER SPA""",,,0.94,,0.38,,1.32
"25/150  ""ASCENSORI BOSSI SNC""",11.69,1.34,17.95,,7.3,,38.28
"25/151  ""DETTO SRL""",1.75,0.3,0.59,,3.53,,6.17
"25/152  ""ARE SRL""",7.43,2.97,11.2,,21.3,2.45,45.35
"25/153  ""ARE SRL""",11.19,6.88,13.38,,7.87,7.93,47.25
"25/154  ""ARE SRL""",7.81,3.17,13.37,,15.98,3.3,43.63
"25/155  ""ZEUS ELECTROSTATIC SYSTEM SRL""",0.34,,,,,,0.34
"25/156  ""ARE SRL""",4.77,4.97,10.79,,5.09,2.53,28.15
"25/157  ""ARE SRL""",7.18,2.83,10.36,,6.61,1.8,28.78
"25/158  ""ARE SRL""",8.13,3.44,14.51,,6.72,2.25,35.05
"25/159  ""ARE SRL""",5.63,5.76,15.72,,9.16,5.17,41.44
"25/160  ""ARE SRL""",8.91,4.9,10.05,,14.19,0.95,39.0
"25/161  ""ARE SRL""",6.28,1.1,10.08,,4.78,8.39,30.63
"25/162  ""ARE SRL""",12.32,1.61,12.97,,7.32,2.13,36.35
"25/163  ""AMMAR SRL""",8.82,5.78,10.68,,24.17,5.47,54.92
"25/164  ""ESA ELECOMP SERVIZI ASCENSORI SRL""",5.73,6.72,9.21,,18.59,3.6,43.85
"25/165  ""BONEDIL SRL""",20.83,7.36,21.55,,27.16,11.67,88.57
"25/167  ""ARE SRL""",,,0.67,,0.68,,1.35
"25/168  ""BECONSULT SRL""",,,,,19.03,0.27,19.3
"25/169  ""ALPEMAC SRL""",21.1,5.63,13.34,,8.41,8.84,57.32
"25/170  ""PANSERI ASCENSORI SRL""",0.25,,0.4,,1.72,,2.37
"25/171  ""ARE SRL""",0.84,,0.35,,1.05,,2.24
"25/172  ""BULGHERINI PU""",7.67,2.77,13.91,1.05,5.73,5.63,36.76
"25/173  ""RIAM ASCENSORI SRL""",1.64,1.0,0.87,,5.4,,8.91
"25/174  ""RIAM ASCENSORI SRL""",8.99,5.72,18.82,,8.77,5.47,47.77
"25/175  ""RIAM ASCENSORI SRL""",11.02,5.05,9.92,,17.06,1.78,44.83
"25/176  ""LIFT 2000 GMBH-SRL""",23.1,7.74,35.29,,52.22,29.09,147.44
"25/177  ""DB ELEV SRL""",0.17,,,,,,0.17
"25/178  ""LIFT 2000 GMBH-SRL""",18.26,7.56,17.54,,17.86,8.45,69.67
"25/179  ""LIFT 2000 GMBH-SRL""",15.79,7.85,16.09,,3.97,12.75,56.45
"25/180  ""BOSS TECHNOLOGIES SRL""",17.03,,9.73,,2.58,3.6,32.94
"25/181  ""CEST SRL""",33.97,8.43,35.1,,30.74,11.53,119.77
"25/182  ""CSM LIFT SRLS""",7.83,2.67,6.56,,5.19,,22.25
"25/183  ""PAPILLO ASCENSORI SRL""",25.13,25.33,39.34,,82.27,19.57,191.64
"25/184  ""ARE SRL""",6.49,7.69,8.09,,48.65,0.78,71.7
"25/185  ""ARE SRL""",4.74,5.35,9.31,,5.73,3.73,28.86
"25/186  ""ARE SRL""",6.53,7.14,7.9,,9.71,,31.28
"25/187  ""ARE SRL""",8.38,9.56,15.58,,80.86,0.73,115.11
"25/188  ""ARE SRL""",6.88,5.4,12.13,,6.82,,31.23
"25/189  ""AMMAR SRL""",6.53,7.73,11.64,,10.46,6.8,43.16
"25/190  ""AMMAR SRL""",0.55,1.63,7.01,,6.63,2.28,18.1
"25/191  ""GLATT TECHNOLOGY SOLUTIONS GMBH""",27.01,1.42,9.84,,,41.3,79.57
"25/192  ""SCHINDLER SPA""",,,,,0.5,,0.5
"25/193  ""CORAL""",18.23,4.46,17.83,,7.48,32.95,80.95
"25/194  ""GRIMEL SRL""",29.5,10.17,41.05,,122.65,59.57,262.94
"25/195  ""SAT SRL""",,,0.68,,,,0.68
"25/196  ""ELMA SPA""",5.79,3.32,10.32,,6.84,3.55,29.82
"25/197  ""GLATT TECHNOLOGY SOLUTIONS GMBH""",0.1,0.12,,,,,0.22
"25/198  ""DETTO SRL""",0.83,2.1,1.87,,0.57,2.67,8.04
"25/199  ""FAMM SRL""",0.25,,,,,,0.25
"25/200  ""TK ELEVATOR ITALIA SPA""",10.48,3.85,14.47,,21.68,7.34,57.82
"25/201  ""BULGHERINI PU""",5.54,4.1,16.61,,6.76,4.57,37.58
"25/202  ""SAT SRL""",2.56,,,,,41.51,44.07
"25/203  ""ARE SRL""",9.64,5.83,10.02,,11.27,1.03,37.79
"25/204  ""ARE SRL""",7.18,2.88,11.87,,39.92,2.29,64.14
"25/205  ""ARE SRL""",8.97,2.13,13.76,,7.28,4.95,37.09
"25/206  ""ARE SRL""",12.18,6.93,9.91,,10.44,,39.46
"25/207  ""RIAM ASCENSORI SRL""",2.67,0.95,3.25,,,,6.87
"25/208  ""USAPI SRL""",15.36,6.49,13.69,,0.8,,36.34
"25/209  ""VALMET TISSUE CONVERTING SPA""",0.07,,,,1.37,,1.44
"25/210  ""BULGHERINI MC""",14.31,12.99,16.87,,8.76,9.31,62.24
"25/211  ""BULGHERINI MC""",19.11,5.99,12.86,,26.83,4.62,69.41
"25/212  ""SAT SRL""",0.22,,1.18,,,0.53,1.93
"25/213  ""VIMA ASCENSORI SRL""",0.05,,,,0.48,,0.53
"25/214  ""ARE SRL""",4.43,2.15,1.1,,1.05,,8.73
"25/215  ""AMMAR SRL""",7.31,9.93,12.89,,11.2,4.28,45.61
"25/217  ""SELE LIFT SRL""",6.14,3.38,7.38,,6.23,0.93,24.06
"25/218  ""CENTER LIFT SRL""",6.84,4.87,9.92,,7.2,5.35,34.18
"25/219  ""CENTER LIFT SRL""",9.23,5.05,10.75,0.32,4.01,,29.36
"25/220  ""MBB ASCENSORI SRL""",1.21,0.55,1.94,,,,3.7
"25/221  ""TRR SOLUTIONS SRL""",2.55,1.35,1.18,,1.25,11.72,18.05
"25/223  ""AMMAR SRL""",8.71,9.04,10.68,,6.86,3.71,39.0
"25/224  ""CENTER LIFT SRL""",2.43,7.34,9.4,,4.65,9.16,32.98
"25/225  ""ARE SRL""",7.44,4.92,12.06,,2.03,3.92,30.37
"25/226  ""ARE SRL""",9.12,5.25,13.47,,6.3,0.68,34.82
"25/227  ""ARE SRL""",9.47,4.75,9.12,,32.06,2.56,57.96
"25/228  ""MAM SRL""",21.2,29.45,28.67,,9.21,5.76,94.29
"25/229  ""VIMA ASCENSORI SRL""",1.88,1.8,6.9,,2.97,1.53,15.08
"25/230  ""LUX IMPIANTI""",10.73,6.2,13.25,,5.41,4.52,40.11
"25/231  ""BULGHERINI PU""",11.36,6.0,20.26,0.57,11.89,10.43,60.51
"25/232  ""BULGHERINI PU""",6.66,5.2,16.79,,6.08,2.68,37.41
"25/233  ""AMMAR SRL""",10.69,7.24,7.44,,5.98,6.26,37.61
"25/234  ""SCHINDLER SPA""",1.44,0.61,1.43,,,,3.48
"25/235  ""VITALI ASCENSORI SRL""",5.98,2.91,8.18,,11.82,7.14,36.03
"25/237  ""ARE SRL""",7.72,8.33,16.28,,5.65,4.86,42.84
"25/238  ""ARE SRL""",3.42,3.68,12.44,,5.3,3.13,27.97
"25/239  ""ARE SRL""",10.6,4.02,15.51,,8.89,4.05,43.07
"25/241  ""ARE SRL""",8.53,7.48,13.97,,49.31,3.43,82.72
"25/242  ""CORAL""",0.36,,,,5.31,19.56,25.23
"25/243  ""E4 SRL""",21.71,5.06,7.04,,1.86,5.58,41.25
"25/244  ""ARE SRL""",17.8,11.69,13.17,,6.62,4.2,53.48
"25/245  ""ARE SRL""",7.67,4.57,17.84,,4.03,4.28,38.39
"25/246  ""ARE SRL""",6.68,7.07,21.3,,7.31,7.29,49.65
"25/248  ""ITAL LIFT SOLUTIONS SRL""",9.45,3.8,12.16,,14.76,2.48,42.65
"25/249  ""RIAM ASCENSORI SRL""",2.38,0.59,0.83,,,,3.8
"25/250  ""CONDOMINIO SINN""",10.34,8.49,17.35,,28.26,14.21,78.65
"25/251  ""RIAM ASCENSORI SRL""",,0.38,2.12,,,,2.5
"25/252  ""LSR-TECH""",0.22,2.58,,,0.48,,3.28
"25/253  ""CORAL""",238.91,16.08,41.35,10.53,258.11,127.28,692.26
"25/254  ""CORAL""",14.72,3.05,12.27,,12.52,113.04,155.6
"25/255  ""CORAL""",14.56,0.56,8.47,,44.38,35.98,103.95
"25/256  ""CORAL""",76.3,3.08,13.43,,56.32,3.48,152.61
"25/257  ""CORAL""",18.7,4.51,12.69,,39.71,0.0,75.61
"25/258  ""GLATT TECHNOLOGY SOLUTIONS GMBH""",,,0.0,,8.12,,8.12
"25/259  ""CORAL""",9.9,6.69,6.72,,22.92,24.31,70.54
"25/260  ""SAT SRL""",1.06,,,,,,1.06
"25/261  ""ELMA SPA""",9.22,6.61,20.82,,6.2,2.53,45.38
"25/262  ""CARRARO ASCENSORI SRL""",4.68,2.13,4.45,,4.53,6.57,22.36
"25/264  ""ARENA ASCENSORI SRL""",33.13,7.56,18.98,,12.77,3.37,75.81
"25/265  ""JAM SRL""",1.09,0.55,3.8,,,,5.44
"25/266  ""ARE SRL""",33.46,5.11,14.01,2.95,61.7,1.17,118.4
"25/267  ""ARE SRL""",12.52,9.04,14.74,,4.73,4.73,45.76
"25/268  ""SOCIETA' ITALIANA ASCENSORI SRL""",9.92,7.62,19.51,,14.43,6.67,58.15
"25/269  ""SAT SRL""",52.09,15.71,52.72,,4.18,44.74,169.44
"25/270  ""CAVATAIO ASCENSORI SRL""",8.16,4.9,10.39,,7.87,9.11,40.43
"25/271  ""SICEM SRL""",7.79,10.4,10.55,3.75,9.74,1.83,44.06
"25/273  ""TRR SOLUTIONS SRL""",5.47,1.52,7.38,,21.44,5.13,40.94
"25/274  ""SAT SRL""",19.89,5.78,12.28,,0.87,39.62,78.44
"25/276  ""GRUPPO OCMA SRL""",12.56,2.39,17.9,,35.36,5.0,73.21
"25/277  ""GRUPPO OCMA SRL""",7.82,3.47,9.07,,6.02,7.31,33.69
"25/278  ""GRUPPO OCMA SRL""",9.36,3.06,16.09,,30.85,6.07,65.43
"25/279  ""KRON LIFT GMBH-SRL""",7.91,3.55,14.96,,9.38,2.7,38.5
"25/280  ""VIMA ASCENSORI SRL""",4.49,0.65,2.45,,3.21,1.1,11.9
"25/281  ""BMP SRL""",3.89,8.98,11.87,,16.08,2.77,43.59
"25/282  ""ARE SRL""",8.56,3.83,16.0,0.13,11.13,6.07,45.72
"25/283  ""ARE SRL""",10.13,5.85,6.77,,64.35,3.11,90.21
"25/284  ""ARE SRL""",5.48,5.08,10.05,2.0,5.26,1.98,29.85
"25/285  ""ARE SRL""",8.59,10.73,13.96,,14.48,,47.76
"25/286  ""ARE SRL""",7.17,2.21,16.39,,6.35,4.89,37.01
"25/287  ""ARE SRL""",5.51,7.33,11.37,,44.87,4.03,73.11
"25/288  ""AFOTEK GMBH""",29.98,9.29,23.11,,46.79,14.1,123.27
"25/289  ""SCHINDLER SPA""",,1.3,0.1,,,,1.4
"25/291  ""VIMA ASCENSORI SRL""",8.51,4.0,13.67,,4.42,4.29,34.89
"25/292  ""UPDINAMIC SRL""",10.3,10.61,25.9,,31.99,12.38,91.18
"25/293  ""SELE LIFT SRL""",6.64,6.2,14.45,,13.04,0.3,40.63
"25/295  ""RIAM ASCENSORI SRL""",17.34,4.81,10.98,,8.33,11.33,52.79
"25/296  ""RIAM ASCENSORI SRL""",14.7,7.09,20.36,1.49,39.22,9.28,92.14
"25/297  ""RIAM ASCENSORI SRL""",12.28,5.79,13.34,,7.43,3.36,42.2
"25/298  ""MARTINELLI ASCENSORI SRL""",0.73,,,,1.38,3.77,5.88
"25/299  ""CEST SRL""",0.68,0.87,0.82,,2.07,,4.44
"25/300  ""PROVINCIA AUTONOMA DI TRENTO""",,,,,3.91,,3.91
"25/301  ""ARE SRL""",9.64,4.86,17.19,,29.52,1.15,62.36
"25/302  ""ARE SRL""",11.43,4.3,13.68,,10.56,5.14,45.11
"25/303  ""ARE SRL""",12.96,3.03,11.61,,49.13,2.57,79.3
"25/304  ""ARE SRL""",11.27,6.28,15.68,,10.15,5.69,49.07
"25/305  ""DISNAMAIR SA""",19.28,3.37,20.74,1.32,21.21,15.4,81.32
"25/306  ""DISNAMAIR SA""",3.88,2.79,,,2.5,73.48,82.65
"25/307  ""DISNAMAIR SA""",21.48,4.87,9.45,,32.97,18.71,87.48
"25/308  ""DISNAMAIR SA""",3.03,4.35,,,2.22,23.23,32.83
"25/309  ""MC MUGLIA ASCENSORI SRL""",6.91,4.15,13.43,,6.68,5.34,36.51
"25/310  ""MARIVO ASCENSORI SRL""",10.22,2.6,10.69,,7.26,2.25,33.02
"25/311  ""ASCENSORI STASI di Stasi Antonio""",0.6,1.5,1.35,,0.57,,4.02
"25/312  ""MARIVO ASCENSORI SRL""",12.86,8.94,14.64,,46.64,95.05,178.13
"25/313  ""MYLIFT ITALIA SRL""",18.81,3.67,23.91,1.74,19.94,11.27,79.34
"25/315  ""GRUPPO OCMA SRL""",0.18,,,,0.5,,0.68
"25/316  ""ARE SRL""",9.79,6.42,14.27,,3.97,3.97,38.42
"25/317  ""ARE SRL""",14.44,8.51,25.42,0.97,14.63,8.07,72.04
"25/318  ""ARE SRL""",18.09,5.23,17.01,,6.05,7.19,53.57
"25/319  ""ARE SRL""",4.41,8.39,19.08,,4.6,3.61,40.09
"25/320  ""ARE SRL""",7.53,4.55,17.71,,18.26,12.14,60.19
"25/321  ""ARE SRL""",0.99,,1.25,,1.43,,3.67
"25/322  ""ARE SRL""",1.76,0.63,1.02,,0.5,,3.91
"25/323  ""BIME ELEVATORI SRL""",12.73,10.88,17.84,,21.87,9.45,72.77
"25/324  ""RIAM ASCENSORI SRL""",22.54,7.46,18.89,,14.03,7.84,70.76
"25/326  ""RIAM ASCENSORI SRL""",22.67,4.08,15.52,,35.12,5.83,83.22
"25/327  ""RIAM ASCENSORI SRL""",16.54,5.07,14.56,,5.55,5.04,46.76
"25/328  ""SAMER SRL""",8.93,0.85,14.4,,5.83,8.26,38.27
"25/329  ""ARE SRL""",5.71,6.31,12.17,,5.84,1.29,31.32
"25/330  ""ARE SRL""",10.1,6.58,18.96,,5.52,3.14,44.3
"25/331  ""ARE SRL""",8.03,2.55,18.74,,7.27,1.72,38.31
"25/332  ""AUFZUGBAU RANGGER MONTAGETECHNIK GMBH""",9.74,2.3,12.45,,16.44,3.77,44.7
"25/333  ""CONDOMINIO P.ZZA DIAZ 6""",0.93,,1.98,,0.85,,3.76
"25/334  ""UPDINAMIC SRL""",18.36,8.95,25.66,,57.71,27.72,138.4
"25/335  ""MEDESY SRL""",,,,,0.98,,0.98
"25/336  ""USAPI SRL""",17.27,1.95,6.44,,7.83,,33.49
"25/337  ""BULGHERINI PU""",6.59,5.8,10.59,0.78,11.34,4.03,39.13
"25/338  ""ALPEMAC SRL""",13.45,3.35,10.75,,4.5,23.62,55.67
"25/339  ""NEULIFT SPA""",22.7,4.61,17.75,0.57,27.13,10.52,83.28
"25/340  ""E4 SRL""",60.79,5.13,20.72,,,2.1,88.74
"25/341  ""ARE SRL""",4.64,2.87,19.57,,20.03,2.23,49.34
"25/342  ""ARE SRL""",5.81,3.53,13.32,,11.18,5.55,39.39
"25/343  ""ARE SRL""",11.1,4.28,18.21,,11.52,4.42,49.53
"25/344  ""GLATT TECHNOLOGY SOLUTIONS GMBH""",,,,,4.21,,4.21
"25/345  ""TVM SRL""",16.2,2.55,19.44,,79.23,10.62,128.04
"25/346  ""RIAM ASCENSORI SRL""",0.37,,0.65,2.0,,,3.02
"25/347  ""OMP SRL""",12.04,2.46,16.36,,13.73,8.65,53.24
"25/348  ""OMP SRL""",15.7,5.14,11.47,,10.98,9.13,52.42
"25/349  ""RIAM ASCENSORI SRL""",14.07,6.19,18.78,0.18,10.67,6.84,56.73
"25/350  ""SCHINDLER SPA""",6.92,0.99,6.36,,6.45,1.52,22.24
"25/351  ""COMPAGNIA SIDERURGICA SPA""",75.14,11.22,34.89,5.35,58.45,19.75,204.8
"25/352  ""BIME ELEVATORI SRL""",8.96,1.56,17.93,,6.05,0.7,35.2
"25/353  ""BIME ELEVATORI SRL""",10.45,3.06,11.7,,14.4,3.1,42.71
"25/354  ""ELECTRO-LIFT SRL""",5.84,4.22,23.96,0.22,18.97,10.78,63.99
"25/355  ""RIAM ASCENSORI SRL""",,,1.05,,,,1.05
"25/356  ""ARE SRL""",9.29,5.47,7.24,,5.19,7.0,34.19
"25/357  ""ARE SRL""",16.51,2.43,11.67,,7.54,3.9,42.05
"25/358  ""ARE SRL""",5.63,5.82,13.96,,12.36,,37.77
"25/359  ""ARE SRL""",4.97,3.92,8.68,,4.81,1.12,23.5
"25/360  ""ARE SRL""",6.03,3.09,6.35,,8.23,1.8,25.5
"25/361  ""DB ELEV SRL""",17.56,13.73,11.92,0.0,14.57,7.82,65.6
"25/363  ""ARNO MANETTI ASCENSORI SRL""",14.48,9.0,10.14,,26.57,8.04,68.23
"25/364  ""SELE LIFT SRL""",6.71,6.76,6.06,,8.9,1.76,30.19
"25/365  ""ALICRON SRL""",7.78,4.21,7.1,,7.92,0.85,27.86
"25/366  ""ESA ELECOMP SERVIZI ASCENSORI SRL""",0.88,0.38,0.55,,4.1,,5.91
"25/368  ""SAT SRL""",0.15,,,,,,0.15
"25/369  ""KRON LIFT GMBH-SRL""",7.6,8.35,12.83,,17.28,2.12,48.18
"25/370  ""KRON LIFT GMBH-SRL""",18.35,6.56,16.6,0.42,7.83,10.12,59.88
"25/371  ""CENTER LIFT SRL""",0.25,,,,0.3,,0.55
"25/372  ""GSB ASCENSORI SRL""",0.69,0.63,,,1.35,,2.67
"25/373  ""BIME ELEVATORI SRL""",2.24,0.62,4.01,,6.91,,13.78
"25/375  ""CENTER LIFT LOMBARDIA SRL""",10.82,4.05,10.97,,6.55,,32.39
"25/376  ""ARE SRL""",8.11,2.82,11.31,,5.74,4.59,32.57
"25/377  ""ARE SRL""",7.81,2.76,14.19,,9.98,2.38,37.12
"25/378  ""ARE SRL""",17.22,4.23,17.62,,16.72,9.45,65.24
"25/379  ""ARE SRL""",6.49,4.43,13.01,,8.46,5.18,37.57
"25/380  ""ARE SRL""",7.26,5.05,10.67,,8.84,3.82,35.64
"25/381  ""ARE SRL""",4.5,6.07,5.84,,8.91,3.79,29.11
"25/382  ""JAM SRL""",10.44,5.36,12.67,,10.77,12.31,51.55
"25/383  ""JOHANN SCHUM AUFZUGTECHNIK GMBH""",9.97,7.01,12.11,,13.22,7.97,50.28
"25/385  ""SCHINDLER SPA""",11.59,8.83,15.87,,21.63,5.05,62.97
"25/386  ""RIAM ASCENSORI SRL""",0.05,1.18,4.2,,2.06,,7.49
"25/387  ""PAPILLO ASCENSORI SRL""",11.75,10.31,10.58,,12.86,5.83,51.33
"25/388  ""MAD DI TOMASONI GIUSEPPE E C. SRL""",6.9,2.81,9.24,,5.15,2.73,26.83
"25/389  ""SCHINDLER SPA""",10.38,5.26,12.91,,10.64,1.32,40.51
"25/390  ""RIAM ASCENSORI SRL""",0.57,,0.6,,1.82,,2.99
"25/391  ""VITALI ASCENSORI SRL""",0.58,0.55,,,1.05,,2.18
"25/392  ""BULGHERINI PU""",6.86,6.16,19.62,0.64,7.35,5.39,46.02
"25/393  ""DETTO SRL""",14.71,8.05,16.29,,17.37,6.57,62.99
"25/394  ""ARE SRL""",10.54,2.77,13.5,0.67,6.33,4.51,38.32
"25/395  ""ARE SRL""",9.65,6.32,13.29,,14.28,2.68,46.22
"25/396  ""CAMPANA 1942 SRL""",8.34,2.83,11.39,0.75,24.52,4.37,52.2
"25/397  ""ASCENSORI STASI""",19.21,12.15,14.16,0.0,48.36,0.33,94.21
"25/398  ""MAD DI TOMASONI GIUSEPPE E C. SRL""",9.48,8.56,8.03,,6.69,8.44,41.2
"25/399  ""USAPI SRL""",0.92,,,,,,0.92
"25/400  ""LIFT 2000 GMBH-SRL""",16.65,6.0,11.89,,19.23,8.18,61.95
"25/402  ""SAT SRL""",16.26,8.89,15.36,,,30.18,70.69
"25/403  ""BAVARIA LIFTTECHNIK GMBH""",8.67,7.18,15.11,,9.24,7.44,47.64
"25/404  ""AMMAR SRL""",,,1.23,,,,1.23
"25/405  ""RIAM ASCENSORI SRL""",0.28,0.17,5.6,,1.72,,7.77
"25/406  ""ASCENSORI BOSSI SNC""",18.83,11.15,15.08,1.78,9.05,7.7,63.59
"25/407  ""CENTER LIFT SRL""",0.43,,0.6,,0.5,0.97,2.5
"25/408  ""SCHINDLER SPA""",0.13,,0.72,,,,0.85
"25/409  ""MODESTO SRL""",8.55,5.2,13.32,,6.52,3.36,36.95
"25/410  ""ESA ELECOMP SERVIZI ASCENSORI SRL""",10.92,6.04,19.96,,24.15,5.77,66.84
"25/411  ""ARE SRL""",9.68,4.72,7.16,,47.22,5.83,74.61
"25/412  ""ARE SRL""",9.25,5.14,16.98,,7.4,8.49,47.26
"25/413  ""ARE SRL""",8.59,9.22,11.36,,31.02,3.61,63.8
"25/414  ""ARE SRL""",10.81,3.77,12.46,,5.6,2.0,34.64
"25/415  ""ARE SRL""",0.6,,,,,,0.6
"25/416  ""ARE SRL""",28.4,5.45,12.37,4.25,8.73,7.9,67.1
"25/417  ""ARE SRL""",7.94,6.07,9.18,,4.37,3.24,30.8
"25/418  ""ARE SRL""",8.58,8.92,7.91,,6.92,8.89,41.22
"25/419  ""ARE SRL""",9.81,10.33,12.52,,8.83,4.97,46.46
"25/422  ""PIZZEGHELLA E STEVAN SRL""",10.87,8.9,17.79,7.33,8.03,8.46,61.38
"25/423  ""CSM LIFT SRLS""",8.13,5.17,12.68,,9.08,4.28,39.34
"25/424  ""TECNODOOR SAS""",,,,,,8.13,8.13
"25/425  ""JAM SRL""",10.56,3.95,22.75,0.35,19.47,4.08,61.16
"25/426  ""JAM SRL""",4.18,7.41,10.29,,5.11,6.79,33.78
"25/427  ""VIMA ASCENSORI SRL""",8.39,4.88,11.78,,16.46,13.07,54.58
"25/428  ""ARE SRL""",,,,,3.23,,3.23
"25/429  ""ARE SRL""",,,,,15.59,,15.59
"25/430  ""SELE LIFT SRL""",,,,,0.47,,0.47
"25/431  ""SMMA SRL""",0.2,0.35,,,,,0.55
"25/432  ""RIAM ASCENSORI SRL""",9.47,5.21,11.52,,13.85,8.17,48.22
"25/433  ""TK ELEVATOR ITALIA SPA""",10.13,6.56,12.89,4.48,17.59,8.15,59.8
"25/434  ""CEST SRL""",1.17,0.35,1.32,,1.95,,4.79
"25/435  ""ARE SRL""",8.84,3.18,10.94,,6.8,3.32,33.08
"25/436  ""ARE SRL""",11.13,5.05,12.05,,13.8,3.75,45.78
"25/437  ""ARE SRL""",9.26,6.07,10.82,,5.79,4.25,36.19
"25/438  ""ARE SRL""",16.37,7.79,12.39,,9.82,9.33,55.7
"25/439  ""ARE SRL""",9.53,6.56,10.56,0.95,6.54,9.15,43.29
"25/440  ""ARE SRL""",11.56,9.82,12.31,,6.9,2.1,42.69
"25/441  ""ARE SRL""",7.04,12.25,11.22,,12.47,4.35,47.33
"25/442  ""ACS ASCENSORI CONTROLLI SISTEMI SRL""",17.39,7.39,18.48,0.6,84.49,19.76,148.11
"25/443  ""LUX IMPIANTI DI NICOLAS FABBRI""",0.62,0.35,0.4,,0.7,,2.07
"25/444  ""SCHINDLER SPA""",0.05,0.96,,,0.97,1.68,3.66
"25/445  ""SAT SRL""",0.12,,,,,6.18,6.3
"25/446  ""ACS ASCENSORI CONTROLLI SISTEMI SRL""",11.2,5.99,17.54,,17.57,6.43,58.73
"25/447  ""DETTO SRL""",13.27,3.3,16.38,,16.1,14.16,63.21
"25/448  ""DETTO SRL""",9.44,7.43,12.87,,8.95,3.4,42.09
"25/449  ""DFV SRL""",31.9,10.23,14.47,,5.45,73.91,135.96
"25/450  ""AMMAR SRL""",18.52,5.9,17.55,,36.51,4.69,83.17
"25/451  ""BONFANTI ELEVATORI SAS""",20.94,8.49,37.67,,13.56,19.2,99.86
"25/452  ""BULGHERINI PU""",7.87,3.6,9.43,1.39,8.74,4.61,35.64
"25/453  ""FILTERSYSTEM SRL""",0.2,,0.27,,,,0.47
"25/454  ""FEREGOTTO ELEVATORI SRL""",2.04,4.01,9.98,,44.52,5.1,65.65
"25/455  ""SAT SRL""",50.6,16.07,22.66,,2.0,28.85,120.18
"25/456  ""SAT SRL""",0.25,,,,,28.69,28.94
"25/457  ""ARE SRL""",21.03,6.44,28.96,,23.05,10.29,89.77
"25/458  ""ARE SRL""",8.61,6.38,11.21,4.28,6.75,2.47,39.7
"25/459  ""ARE SRL""",7.63,2.07,6.73,1.12,24.97,4.25,46.77
"25/460  ""ARE SRL""",9.5,9.4,6.4,0.5,6.81,4.1,36.71
"25/461  ""ARE SRL""",7.15,6.42,12.79,,8.24,2.9,37.5
"25/462  ""ARE SRL""",5.98,7.81,16.02,,5.92,1.68,37.41
"25/463  ""ALPEMAC SRL""",,0.33,,,2.0,,2.33
"25/464  ""VIMA ASCENSORI SRL""",12.49,2.43,13.47,,10.16,11.45,50.0
"25/465  ""RONCO ASCENSORI SRL""",0.85,0.2,,,8.03,,9.08
"25/466  ""SMAPA PELLEGRINO SNC""",18.09,10.45,21.29,0.3,18.95,9.29,78.37
"25/467  ""SAT SRL""",4.92,2.43,2.25,,2.0,12.48,24.08
"25/468  ""SOITAAB IMPIANTI SRL""",20.95,,12.42,,2.5,22.11,57.98
"25/469  ""DETTO SRL""",0.34,0.87,4.07,,,10.14,15.42
"25/470  ""ARE SRL""",0.3,,,,,,0.3
"25/471  ""ARE SRL""",0.88,,1.23,,,5.65,7.76
"25/472  ""ASCENSORI STASI""",17.93,10.7,14.33,,6.11,7.13,56.2
"25/473  ""SAT SRL""",41.02,1.68,29.24,,2.0,21.12,95.06
"25/474  ""SAT SRL""",,,,,,5.07,5.07
"25/475  ""SIM SRL""",9.74,8.53,9.65,3.01,5.86,2.68,39.47
"25/476  ""SELE LIFT SRL""",12.01,4.64,10.97,,12.48,5.35,45.45
"25/477  ""OMA SNC""",6.71,0.76,9.86,2.33,11.93,3.85,35.44
"25/478  ""ALBERI ASCENSORI SRL""",12.07,3.23,7.16,,31.3,5.8,59.56
"25/479  ""ALICRON SRL""",9.18,2.41,9.62,,13.49,7.42,42.12
"25/480  ""STAR LIFT SRL""",7.25,1.79,14.3,,16.18,4.57,44.09
"25/481  ""ARE SRL""",11.56,5.95,8.34,1.08,15.17,4.56,46.66
"25/482  ""ARE SRL""",10.59,7.27,8.63,,6.79,5.18,38.46
"25/483  ""ARE SRL""",8.19,5.37,11.15,,12.89,2.37,39.97
"25/484  ""ARE SRL""",10.67,4.65,8.84,,14.82,3.87,42.85
"25/485  ""ARE SRL""",11.69,4.49,20.47,,26.08,4.94,67.67
"25/486  ""ARE SRL""",5.39,6.44,7.95,,5.68,4.18,29.64
"25/487  ""ARE SRL""",5.84,5.33,9.15,0.64,10.95,6.23,38.14
"25/488  ""ARE SRL""",9.55,7.07,8.35,,6.06,2.56,33.59
"25/489  ""RONCO ASCENSORI SRL""",12.55,5.99,14.71,0.3,30.24,6.0,69.79
"25/490  ""BULGHERINI PU""",21.91,12.14,18.21,2.0,34.15,20.17,108.58
"25/491  ""BULGHERINI PU""",17.6,10.99,22.32,2.0,14.36,16.85,84.12
"25/492  ""BREMBO ASCENSORI SRL""",20.78,5.71,29.04,0.65,45.96,13.16,115.3
"25/493  ""ALBERI ASCENSORI SRL""",16.14,5.79,13.5,,23.35,6.22,65.0
"25/494  ""SELE LIFT SRL""",11.29,11.24,8.04,,15.86,3.82,50.25
"25/496  ""JAM SRL""",0.88,2.7,11.33,,6.12,2.55,23.58
"25/497  ""ARE SRL""",4.41,6.9,14.19,,6.48,5.38,37.36
"25/498  ""SCHINDLER SPA""",0.87,0.35,1.3,,,,2.52
"25/499  ""BARBIERI ENZO E FIGLIO SRL""",9.13,3.17,11.47,,2.27,2.03,28.07
"25/500  ""BULGHERINI PU""",7.48,3.8,3.39,,5.23,,19.9
"25/501  ""BULGHERINI PU""",1.87,4.33,6.97,2.29,,,15.46
"25/502  ""AMCA ELEVATORI SRL A SOCIO UNICO""",14.87,5.15,18.16,,10.85,7.5,56.53
"25/503  ""PAPILLO ASCENSORI SRL""",7.38,1.56,8.86,3.74,24.9,3.33,49.77
"25/504  ""TRR SOLUTIONS SRL""",7.85,7.42,13.91,,26.85,6.26,62.29
"25/505  ""TRR SOLUTIONS SRL""",14.8,5.09,5.36,,12.62,24.13,62.0
"25/506  ""TRR SOLUTIONS SRL""",13.58,4.91,6.05,,12.67,11.48,48.69
"25/507  ""TRR SOLUTIONS SRL""",15.97,12.82,11.01,,9.25,10.18,59.23
"25/508  ""SAT SRL""",85.84,10.88,42.12,,4.5,51.76,195.1
"25/509  ""GRUPPO OCMA SRL""",4.32,1.15,3.01,,4.75,3.01,16.24
"25/510  ""ARE SRL""",7.86,8.4,11.84,,5.6,6.8,40.5
"25/511  ""ARE SRL""",6.34,5.09,9.72,,13.95,4.03,39.13
"25/512  ""ARE SRL""",8.06,3.4,5.89,,7.32,1.52,26.19
"25/513  ""ARE SRL""",4.09,7.38,7.25,,2.22,1.13,22.07
"25/514  ""ARE SRL""",8.78,5.01,9.34,1.43,42.12,7.92,74.6
"25/515  ""ARE SRL""",7.14,1.0,9.43,,4.16,4.83,26.56
"25/516  ""ARE SRL""",7.58,4.31,11.34,,40.63,1.62,65.48
"25/517  ""ARE SRL""",8.92,4.21,7.73,,15.74,2.98,39.58
"25/518  ""ARE SRL""",10.16,4.71,12.22,,10.43,6.68,44.2
"25/519  ""RIFASA LIFT SRL""",6.7,7.01,9.46,1.62,26.31,7.0,58.1
"25/520  ""MAGRI ASCENSORI SRL""",11.74,10.28,16.48,0.57,84.77,16.3,140.14
"25/521  ""BIME ELEVATORI SRL""",6.62,5.29,6.75,0.22,18.76,2.8,40.44
"25/522  ""VIMA ASCENSORI SRL""",5.12,2.64,11.23,,8.04,2.11,29.14
"25/523  ""KONE SPA""",19.25,15.83,11.56,,12.92,14.25,73.81
"25/525  ""SCHINDLER SPA""",0.52,1.07,3.59,,1.0,0.5,6.68
"25/526  ""SCHINDLER SPA""",0.13,,,,,,0.13
"25/527  ""ESA ELECOMP SERVIZI ASCENSORI SRL""",0.13,,,,,,0.13
"25/528  ""CENTER LIFT SRL""",5.57,4.36,8.7,,4.81,2.76,26.2
"25/529  ""ARE SRL""",9.51,7.5,11.14,,5.98,2.2,36.33
"25/530  ""SCHINDLER SPA""",0.27,2.51,5.52,,1.35,6.87,16.52
"25/531  ""PAN LIFT DOO""",8.88,3.78,16.49,,16.71,6.27,52.13
"25/532  ""ARE SRL""",5.11,3.11,10.45,,4.65,2.67,25.99
"25/533  ""ARE SRL""",12.92,5.93,9.36,,4.85,1.57,34.63
"25/534  ""ARE SRL""",8.55,2.17,10.37,,9.52,3.83,34.44
"25/535  ""ARE SRL""",5.87,3.18,8.6,0.02,20.96,6.03,44.66
"25/536  ""ARE SRL""",9.93,3.87,12.9,4.85,8.05,17.49,57.09
"25/537  ""ELECTRO-LIFT SRL""",8.32,5.6,5.25,0.59,19.88,5.63,45.27
"25/538  ""SAT SRL""",0.23,,,,,0.62,0.85
"25/539  ""SAT SRL""",52.92,7.23,27.61,,6.0,25.47,119.23
"25/540  ""RIFASA LIFT SRL""",10.99,1.63,14.91,,45.91,5.4,78.84
"25/541  ""NEULIFT SPA""",10.57,8.33,17.05,4.25,20.07,15.75,76.02
"25/542  ""RIAM ASCENSORI SRL""",,,3.4,,,,3.4
"25/543  ""SAT SRL""",21.01,9.44,11.96,,,37.64,80.05
"25/545  ""LSR-TECH""",,0.0,,,,,0.0
"25/546  ""SAT SRL""",0.25,,,,,,0.25
"25/547  ""GLATT TECHNOLOGY SOLUTIONS GMBH""",1.1,,0.07,,,,1.17
"25/548  ""SELE LIFT SRL""",9.32,5.31,15.14,0.48,12.6,6.03,48.88
"25/549  ""SELE LIFT SRL""",7.14,9.42,14.3,,18.56,3.64,53.06
"25/550  ""RIAM ASCENSORI SRL""",3.13,9.09,8.15,3.75,14.75,8.6,47.47
"25/551  ""ARE SRL""",6.39,9.33,6.45,0.43,7.63,3.15,33.38
"25/552  ""ARE SRL""",9.27,1.51,11.13,3.17,6.54,1.44,33.06
"25/553  ""ARE SRL""",9.79,4.12,10.4,1.7,23.54,7.29,56.84
"25/554  ""ARE SRL""",16.44,7.01,11.14,4.98,74.24,5.06,118.87
"25/555  ""ARE SRL""",12.55,5.03,12.04,7.19,5.4,7.64,49.85
"25/556  ""ARE SRL""",13.25,2.71,18.26,,4.52,5.85,44.59
"25/557  ""ARE SRL""",6.28,2.22,13.55,,3.36,2.58,27.99
"25/558  ""CENTER LIFT SRL""",0.43,1.47,0.7,,0.6,,3.2
"25/559  ""KONE SPA""",12.88,5.27,24.76,0.02,23.24,8.07,74.24
"25/561  ""MODESTO SRL""",8.61,4.35,10.71,,9.66,13.1,46.43
"25/562  ""RIAM ASCENSORI SRL""",16.02,6.91,27.97,0.65,32.23,12.62,96.4
"25/563  ""BIME ELEVATORI SRL""",13.68,17.79,14.08,3.65,16.08,45.8,111.08
"25/564  ""ARE SRL""",0.89,0.3,0.42,,2.91,,4.52
"25/565  ""PAPILLO ASCENSORI SRL""",10.87,6.21,11.11,,14.4,6.04,48.63
"25/567  ""VALMET TISSUE CONVERTING SPA""",0.17,,,,,,0.17
"25/568  ""PANGEA SRL-GMBH""",13.33,15.86,14.48,0.32,10.95,13.52,68.46
"25/569  ""ARE SRL""",6.3,5.75,7.14,0.02,5.95,2.82,27.98
"25/570  ""ARE SRL""",12.02,4.65,7.52,14.45,12.41,2.67,53.72
"25/571  ""ARE SRL""",6.9,9.92,11.69,0.02,8.35,4.07,40.95
"25/572  ""ARE SRL""",7.3,2.47,7.69,4.17,11.86,3.99,37.48
"25/573  ""ARE SRL""",21.93,1.8,11.26,4.16,22.94,4.46,66.55
"25/574  ""ARE SRL""",7.03,2.7,9.99,0.02,10.67,3.27,33.68
"25/575  ""CENTER LIFT SRL""",7.67,3.8,18.4,,6.2,2.6,38.67
"25/576  ""SELE LIFT SRL""",8.51,3.25,17.96,,34.42,9.72,73.86
"25/577  ""MODESTO SRL""",9.7,2.93,24.5,0.78,21.9,6.92,66.73
"25/580  ""GRIMEL SRL""",0.99,1.6,1.48,,0.65,,4.72
"25/582  ""GLATT TECHNOLOGY SOLUTIONS GMBH""",0.23,,,,,,0.23
"25/583  ""CORAL""",13.69,0.37,4.73,,31.24,19.35,69.38
"25/584  ""CORAL""",,0.3,3.25,,8.53,,12.08
"25/586  ""ZEUS ELECTROSTATIC SYSTEM SRL""",0.07,,,,,,0.07
"25/588  ""LUX IMPIANTI DI NICOLAS FABBRI""",8.85,7.23,23.8,0.43,7.05,5.53,52.89
"25/589  ""PANGEA SRL-GMBH""",6.11,8.17,10.85,,16.41,3.42,44.96
"25/591  ""BULGHERINI MC""",3.92,10.34,7.52,1.92,7.65,7.43,38.78
"25/592  ""ARE SRL""",7.74,10.95,7.71,3.0,5.43,4.41,39.24
"25/593  ""ARE SRL""",9.14,11.41,13.76,2.23,8.85,5.38,50.77
"25/594  ""ARE SRL""",6.22,11.38,6.41,0.78,18.37,3.23,46.39
"25/596  ""ARE SRL""",0.32,0.57,0.34,,1.12,,2.35
"25/599  ""COMPAGNIA SIDERURGICA SPA""",40.78,18.87,15.1,3.65,52.61,33.36,164.37
"25/600  ""COMPAGNIA SIDERURGICA SPA""",40.79,11.43,20.93,0.33,29.97,10.03,113.48
"25/601  ""ESA ELECOMP SERVIZI ASCENSORI SRL""",0.33,2.22,0.3,,0.82,,3.67
"25/602  ""SELE LIFT SRL""",0.47,0.0,,,2.52,,2.99
"25/603  ""VENETA21 SRL""",5.42,3.15,15.68,,13.55,6.68,44.48
"25/604  ""VENETA21 SRL""",12.81,5.39,12.85,,20.62,3.28,54.95
"25/605  ""TK ELEVATOR ITALIA SPA""",12.33,7.11,11.24,1.17,2.02,8.58,42.45
"25/606  ""ARE SRL""",0.15,0.35,1.6,,1.92,,4.02
"25/607  ""MATTHEWS INTERNATIONAL CORPORATION""",0.39,,,,2.0,,2.39
"25/608  ""ARE SRL""",11.02,9.43,4.97,3.67,5.16,7.0,41.25
"25/609  ""ARE SRL""",13.68,6.1,12.38,0.02,53.34,7.2,92.72
"25/610  ""ARE SRL""",23.02,9.79,14.37,6.7,3.8,2.28,59.96
"25/611  ""ARE SRL""",13.37,12.49,12.15,,12.89,6.02,56.92
"25/612  ""ARE SRL""",7.69,4.96,13.94,,16.39,3.78,46.76
"25/613  ""ARE SRL""",6.86,4.86,15.0,,14.3,2.71,43.73
"25/614  ""ARE SRL""",5.49,4.97,13.16,,14.79,3.37,41.78
"25/615  ""BELLETTI SRL""",11.4,5.51,24.77,0.27,22.4,5.65,70.0
"25/616  ""FEREGOTTO ELEVATORI SRL""",12.63,8.1,17.22,,30.85,13.1,81.9
"25/617  ""GLATT TECHNOLOGY SOLUTIONS GMBH""",25.84,1.35,8.69,0.37,7.65,29.9,73.8
"25/618  ""PAPILLO ASCENSORI SRL""",7.8,6.04,11.36,,7.21,10.46,42.87
"25/619  ""SAT SRL""",,,0.35,,,,0.35
"25/622  ""BMP SRL""",7.43,4.44,8.16,,9.85,4.71,34.59
"25/623  ""CORAL""",23.08,4.01,13.33,0.1,58.87,18.07,117.46
"25/624  ""ZENIT HOME SRL""",1.33,,1.0,,,,2.33
"25/625  ""SAT SRL""",0.25,,,,4.25,,4.5
"25/626  ""SAT SRL""",0.25,,,,,,0.25
"25/627  ""RIAM ASCENSORI SRL""",15.12,4.91,14.07,1.4,13.88,7.15,56.53
"25/629  ""MEIC SERVICES SPA""",12.72,3.46,21.24,0.15,2.51,5.8,45.88
"25/630  ""RIAM ASCENSORI SRL""",9.92,4.63,20.2,0.6,61.12,6.43,102.9
"25/632  ""KALEIDOSCOPIO S.C.S.""",0.07,0.6,0.62,,,,1.29
"25/633  ""VALMET TISSUE CONVERTING SPA""",0.1,,,,1.93,,2.03
"25/634  ""RIAM ASCENSORI SRL""",0.15,,,,0.45,,0.6
"25/635  ""RIAM ASCENSORI SRL""",0.33,1.22,0.25,,0.68,,2.48
"25/636  ""ARE SRL""",8.2,4.06,9.98,,5.55,3.13,30.92
"25/637  ""ARE SRL""",14.44,2.17,11.62,,2.18,8.95,39.36
"25/638  ""ARE SRL""",4.24,5.36,8.21,,4.46,6.69,28.96
"25/639  ""ARE SRL""",10.35,3.91,17.4,,14.17,4.87,50.7
"25/640  ""ARE SRL""",4.3,4.14,9.63,,2.83,3.03,23.93
"25/641  ""ARE SRL""",11.23,5.22,8.52,,3.1,5.05,33.12
"25/642  ""ARE SRL""",7.47,5.0,9.14,,0.52,7.22,29.35
"25/643  ""ARE SRL""",7.3,3.82,16.29,,3.35,2.08,32.84
"25/644  ""ARE SRL""",2.5,3.86,5.5,,2.03,1.82,15.71
"25/645  ""ARE SRL""",7.52,6.05,16.17,,1.73,5.83,37.3
"25/646  ""SCHINDLER SPA""",0.67,0.3,0.58,,,,1.55
"25/647  ""AMMAR SRL""",7.81,5.16,22.12,,4.68,2.43,42.2
"25/649  ""AMMAR SRL""",3.35,2.16,9.92,0.67,9.12,5.4,30.62
"25/652  ""AV ASCENSORI SRL""",11.73,3.73,20.86,,57.54,1.46,95.32
"25/653  ""FEREGOTTO ELEVATORI SRL""",2.95,4.39,9.12,,13.54,4.53,34.53
"25/654  ""VIMA ASCENSORI SRL""",0.95,3.1,4.05,,10.77,6.37,25.24
"25/655  ""VIMA ASCENSORI SRL""",1.39,3.32,3.3,,0.88,7.92,16.81
"25/656  ""CENTER LIFT SRL""",8.17,5.54,14.64,,8.88,5.6,42.83
"25/657  ""RIAM ASCENSORI SRL""",0.53,0.3,0.23,,,,1.06
"25/658  ""DETTO SRL""",1.57,0.43,2.1,,1.42,,5.52
"25/659  ""SELE LIFT SRL""",,0.28,1.78,,3.42,,5.48
"25/660  ""MSM SRL""",12.9,7.59,21.55,1.17,26.06,8.09,77.36
"25/661  ""ALPEMAC SRL""",17.46,4.38,9.09,,12.54,13.6,57.07
"25/662  ""ALPEMAC SRL""",32.9,7.12,7.5,0.5,11.76,16.76,76.54
"25/664  ""AMMAR SRL""",4.87,2.02,12.01,0.67,13.68,7.05,40.3
"25/665  ""AMMAR SRL""",5.51,3.33,13.89,0.53,13.12,13.95,50.33
"25/666  ""AMMAR SRL""",4.38,4.68,5.3,0.73,4.09,5.66,24.84
"25/667  ""ALICRON SRL""",0.47,6.84,4.37,,7.83,4.35,23.86
"25/668  ""NEULIFT SPA""",8.02,8.3,12.51,0.58,10.99,8.52,48.92
"25/669  ""NEULIFT SPA""",7.65,6.38,17.28,0.28,41.2,3.97,76.76
"25/670  ""VIMA ASCENSORI SRL""",22.84,9.89,34.43,,66.15,17.31,150.62
"25/671  ""MECA TECHNOLOGY SRL""",2.63,2.22,11.01,0.47,,7.63,23.96
"25/672  ""CENTER LIFT SRL""",8.36,8.0,13.37,0.02,7.33,7.47,44.55
"25/673  ""LIFT 2000 GMBH-SRL""",8.1,3.57,12.44,,28.86,3.4,56.37
"25/674  ""MODESTO SRL""",15.94,7.3,14.13,0.82,52.92,5.93,97.04
"25/675  ""SCHINDLER SPA""",0.05,0.3,0.22,,0.33,,0.9
"25/676  ""ARE SRL""",,,,,0.7,,0.7
"25/677  ""DE MENECH ASCENSORI SNC""",4.76,3.18,11.42,,9.34,4.17,32.87
"25/678  ""SCHINDLER SPA""",0.43,,0.98,,,,1.41
"25/680  ""GRIMEL SPA""",1.62,0.58,0.85,,1.45,3.52,8.02
"25/681  ""GMV SPA""",2.26,0.58,3.98,,,,6.82
"25/682  ""ARE SRL""",6.1,4.72,15.0,,19.63,8.8,54.25
"25/683  ""ARE SRL""",9.6,6.04,15.06,,13.71,9.06,53.47
"25/684  ""ARE SRL""",5.81,6.65,9.39,,11.73,6.7,40.28
"25/686  ""ARE SRL""",5.16,4.62,7.53,,2.43,4.29,24.03
"25/687  ""ARE SRL""",4.94,6.42,11.34,,0.5,3.95,27.15
"25/688  ""ARE SRL""",8.25,7.78,16.02,,,10.25,42.3
"25/689  ""ARE SRL""",5.72,5.98,13.97,,1.92,2.28,29.87
"25/690  ""ARE SRL""",5.11,5.05,7.49,,2.28,11.24,31.17
"25/692  ""RIAM ASCENSORI SRL""",10.48,12.46,10.09,,11.8,3.4,48.23
"25/693  ""BULGHERINI PU""",3.5,5.12,14.13,0.15,4.33,4.1,31.33
"25/694  ""AMMAR SRL""",6.3,4.34,11.29,0.25,24.58,3.99,50.75
"25/696  ""RIAM ASCENSORI SRL""",0.12,,,,,,0.12
"25/697  ""BBF SRL""",7.74,4.61,8.76,1.57,2.05,3.34,28.07
"25/699  ""SAT SRL""",121.36,5.68,35.56,4.26,25.16,39.61,231.63
"25/700  ""SAT SRL""",,,,0.23,,15.33,15.56
"25/702  ""DETTO SRL""",12.33,4.23,13.06,,7.03,8.51,45.16
"25/704  ""RIAM ASCENSORI SRL""",11.55,6.4,20.27,,17.32,8.48,64.02
"25/705  ""COMPAGNIA SIDERURGICA SPA""",81.19,35.7,31.03,0.73,136.05,88.66,373.36
"25/706  ""SCHINDLER SPA""",6.11,5.75,13.65,0.88,18.81,8.67,53.87
"25/707  ""ARE SRL""",10.7,1.38,10.52,,23.81,5.84,52.25
"25/708  ""ARE SRL""",4.29,5.83,6.56,,2.18,4.87,23.73
"25/709  ""KONE SPA""",9.11,5.07,16.93,1.12,5.4,10.98,48.61
"25/710  ""BULGHERINI MC""",2.61,,,,0.57,,3.18
"25/711  ""ARE SRL""",0.32,,,,,,0.32
"25/712  ""CENTER LIFT SRL""",0.45,,,,3.33,,3.78
"25/714  ""CONDOMINIO RESIA 74""",11.38,2.02,17.3,1.19,43.15,8.37,83.41
"25/715  ""BMP SRL""",8.25,6.26,17.94,,17.19,12.7,62.34
"25/716  ""DB ELEV SRL""",19.01,10.86,14.44,0.43,24.1,7.91,76.75
"25/717  ""MSM SRL""",8.22,3.42,7.53,0.71,12.37,6.94,39.19
"25/718  ""MSM SRL""",11.97,1.98,11.83,1.01,6.61,9.79,43.19
"25/719  ""MSM SRL""",19.14,3.35,17.99,1.23,10.96,8.56,61.23
"25/720  ""RIAM ASCENSORI SRL""",6.43,1.84,10.88,1.05,13.2,5.4,38.8
"25/723  ""ARE SRL""",13.7,9.26,15.84,,20.57,7.79,67.16
"25/724  ""ARE SRL""",5.95,3.3,16.7,,19.26,7.98,53.19
"25/725  ""ARE SRL""",7.65,13.87,7.43,1.16,12.61,4.89,47.61
"25/726  ""ARE SRL""",7.54,4.08,14.85,,12.2,9.25,47.92
"25/727  ""ARE SRL""",5.74,3.68,15.77,,16.46,7.74,49.39
"25/728  ""ARE SRL""",12.35,8.39,12.03,,16.52,9.22,58.51
"25/729  ""UPDINAMIC SRL""",11.24,11.33,15.35,0.44,21.11,21.55,81.02
"25/730  ""CARRARO ASCENSORI SRL""",5.71,3.35,15.4,0.4,20.45,6.1,51.41
"25/731  ""CARRARO ASCENSORI SRL""",6.95,2.02,9.19,1.1,13.38,5.03,37.67
"25/734  ""BULGHERINI PU""",0.95,1.24,2.55,,0.43,,5.17
"25/735  ""SCHINDLER SPA""",,1.02,0.4,,0.5,,1.92
"25/736  ""ALBERI ASCENSORI SRL""",7.52,5.58,9.39,0.81,18.06,8.43,49.79
"25/737  ""SELE LIFT SRL""",4.7,3.88,13.83,,6.03,5.65,34.09
"25/738  ""SELE LIFT SRL""",7.23,8.48,11.84,0.98,21.51,7.54,57.58
"25/740  ""RABENSTEINER BAU SRL""",6.57,2.02,9.69,0.93,23.56,3.87,46.64
"25/741  ""PETRARCA SRL""",2.15,7.1,6.78,,16.31,13.3,45.64
"25/742  ""USAPI SRL""",11.3,3.7,19.54,0.35,29.13,10.9,74.92
"25/744  ""FEREGOTTO ELEVATORI SRL""",1.2,4.17,4.77,0.57,7.91,2.72,21.34
"25/745  ""MBB ASCENSORI SRL""",35.31,7.97,47.89,4.41,45.55,18.21,159.34
"25/746  ""SCHINDLER SPA""",0.25,1.02,2.41,,0.38,4.57,8.63
"25/747  ""ARE SRL""",0.25,,0.72,,,,0.97
"25/748  ""DFV SRL""",,,3.62,0.2,,,3.82
"25/749  ""ARE SRL""",0.25,1.0,0.32,,,,1.57
"25/750  ""ARE SRL""",0.2,1.02,0.62,,,,1.84
"25/751  ""ARE SRL""",8.61,3.86,12.73,,14.1,6.23,45.53
"25/752  ""ARE SRL""",7.33,8.21,6.44,0.4,20.05,4.33,46.76
"25/753  ""ARE SRL""",6.87,5.58,9.39,,10.48,5.38,37.7
"25/754  ""ARE SRL""",5.61,7.93,7.61,0.59,20.25,7.28,49.27
"25/755  ""ARE SRL""",4.5,6.03,8.91,0.1,17.47,3.53,40.54
"25/756  ""ARE SRL""",9.03,9.98,22.81,,13.53,8.73,64.08
"25/757  ""ARE SRL""",6.54,3.43,8.66,0.83,14.16,5.01,38.63
"25/758  ""ARE SRL""",12.9,2.49,13.54,2.82,8.13,10.47,50.35
"25/759  ""RIAM ASCENSORI SRL""",0.03,,,,,,0.03
"25/761  ""SCHINDLER SPA""",,1.0,1.28,,0.5,,2.78
"25/762  ""SCHINDLER SPA""",,1.52,2.1,,,,3.62
"25/763  ""FAMA SRL""",14.89,4.44,16.43,0.25,6.0,12.48,54.49
"25/764  ""BAVARIA LIFTTECHNIK GMBH""",5.65,1.8,9.59,1.82,18.67,4.63,42.16
"25/765  ""FALCO ASCENSORI SRL""",11.21,2.74,9.42,0.61,10.6,3.26,37.84
"25/768  ""PAPILLO ASCENSORI SRL""",7.28,4.25,9.01,0.83,8.54,8.57,38.48
"25/769  ""ARE SRL""",4.01,2.05,11.81,,1.0,7.14,26.01
"25/772  ""GLATT TECHNOLOGY SOLUTIONS GMBH""",0.03,,,,,,0.03
"25/774  ""GRUPPO OCMA SRL""",3.14,3.1,4.38,0.41,9.9,2.0,22.93
"25/775  ""SOITAAB IMPIANTI SRL""",16.02,3.23,14.12,1.38,31.5,5.6,71.85
"25/776  ""ARE SRL""",9.65,5.61,7.97,1.13,40.49,10.35,75.2
"25/777  ""ARE SRL""",9.7,7.65,10.78,0.4,39.69,11.98,80.2
"25/778  ""ARE SRL""",6.97,3.0,5.0,1.63,12.52,6.67,35.79
"25/779  ""RIAM ASCENSORI SRL""",0.6,,,,,,0.6
"25/780  ""ARE SRL""",10.36,6.2,13.1,0.79,12.15,3.36,45.96
"25/781  ""VENETA21 SRL""",8.81,6.5,16.46,,7.4,11.63,50.8
"25/782  ""ERIGO SRL""",2.68,,,0.31,,8.17,11.16
"25/783  ""ARE SRL""",0.13,,,,4.41,,4.54
"25/784  ""ARE SRL""",8.18,8.26,2.89,0.9,20.18,3.2,43.61
"25/785  ""ARE SRL""",9.02,8.34,7.54,0.85,12.97,7.62,46.34
"25/786  ""ARE SRL""",4.17,3.56,7.65,1.12,21.31,2.03,39.84
"25/787  ""ARE SRL""",6.09,6.17,8.02,0.59,8.25,4.83,33.95
"25/788  ""ARE SRL""",9.19,4.38,9.64,0.78,21.26,3.15,48.4
"25/789  ""ARE SRL""",6.72,6.07,10.53,1.05,16.77,4.25,45.39
"25/790  ""ARE SRL""",9.72,7.34,10.56,1.13,16.89,6.4,52.04
"25/791  ""ARE SRL""",4.13,12.9,9.13,0.62,56.16,3.77,86.71
"25/792  ""ARE SRL""",0.87,,3.41,,1.05,,5.33
"25/793  ""LUX IMPIANTI DI NICOLAS FABBRI""",9.95,5.32,14.4,1.75,15.84,9.34,56.6
"25/794  ""VIMA ASCENSORI SRL""",8.78,4.33,8.28,2.16,20.48,15.7,59.73
"25/796  ""SELE LIFT SRL""",8.9,2.92,9.34,5.35,11.17,11.43,49.11
"25/797  ""ASCENSORI STASI""",5.35,0.86,11.07,0.77,15.63,4.94,38.62
"25/798  ""ASCENSORI STASI""",6.03,4.88,14.87,0.77,14.25,2.5,43.3
"25/800  ""GIANNETTA ASCENSORI SRL""",10.64,9.06,9.34,0.86,5.24,6.57,41.71
"25/801  ""BULGHERINI MC""",6.63,4.5,14.93,0.78,8.07,4.16,39.07
"25/802  ""ANGARONE ASCENSORI SRL""",9.27,5.91,8.7,1.05,6.38,7.49,38.8
"25/805  ""DETTO SRL""",0.13,,1.78,,2.33,10.7,14.94
"25/806  ""SCHUMANN AUFZUEGE GMBH""",7.71,5.79,9.73,0.67,8.26,7.42,39.58
"25/807  ""CEST SRL""",4.19,3.38,5.84,0.84,9.24,3.26,26.75
"25/808  ""ARE SRL""",13.29,4.41,9.59,2.56,31.23,6.79,67.87
"25/809  ""ARE SRL""",3.07,2.46,10.73,1.7,12.1,4.53,34.59
"25/810  ""ARE SRL""",6.83,5.93,4.52,0.96,14.87,5.22,38.33
"25/811  ""ARE SRL""",6.23,5.67,11.21,1.12,8.92,4.92,38.07
"25/812  ""ARE SRL""",8.81,6.52,7.17,1.09,10.56,8.86,43.01
"25/813  ""LGM ELEVATOR SRL""",6.0,2.55,8.73,0.91,9.29,4.37,31.85
"25/814  ""STAR LIFT SRL""",8.84,7.82,24.51,0.17,45.43,10.13,96.9
"25/815  ""DETTO SRL""",13.1,5.0,12.7,0.55,5.81,6.06,43.22
"25/816  ""DETTO SRL""",7.46,2.77,9.8,0.71,3.88,6.85,31.47
"25/819  ""AMMAR SRL""",9.33,3.76,8.72,0.66,16.56,2.4,41.43
"25/820  ""ITACOR SRL""",29.8,10.8,15.4,1.88,71.87,75.19,204.94
"25/822  ""ARE SRL""",6.85,4.05,8.06,0.4,18.43,4.98,42.77
"25/823  ""ARE SRL""",6.52,4.74,8.08,0.76,17.2,5.3,42.6
"25/824  ""ARE SRL""",5.5,4.22,5.5,0.85,8.85,3.83,28.75
"25/825  ""ARE SRL""",4.29,4.27,8.46,1.84,4.12,5.8,28.78
"25/826  ""ARE SRL""",13.22,7.58,10.38,0.93,11.5,8.6,52.21
"25/827  ""ARE SRL""",9.75,7.16,6.69,1.07,5.68,4.84,35.19
"25/828  ""ARE SRL""",6.11,7.55,4.42,0.65,5.26,4.43,28.42
"25/829  ""ARE SRL""",14.82,5.5,6.57,1.11,16.63,10.64,55.27
"25/830  ""ARE SRL""",5.7,3.75,8.25,0.45,8.15,1.43,27.73
"25/831  ""ARE SRL""",4.47,5.95,9.39,0.75,9.27,5.03,34.86
"25/832  ""ARE SRL""",0.83,0.55,0.93,,,,2.31
"25/833  ""ARE SRL""",0.52,,1.58,,0.9,,3.0
"25/834  ""SCHINDLER SPA""",,,,0.44,9.13,8.61,18.18
"25/835  ""MARIPA ASCENSORI SRL""",9.57,8.71,16.42,,19.97,0.95,55.62
"25/836  ""ANGARONE ASCENSORI SRL""",5.96,4.96,7.96,1.05,1.43,2.67,24.03
"25/837  ""CENTER LIFT SRL""",,,,,,0.3,0.3
"25/838  ""TK ELEVATOR ITALIA SPA""",11.64,7.26,15.28,,17.01,9.1,60.29
"25/839  ""SAMER SRL""",2.88,4.56,6.63,1.07,2.72,8.41,26.27
"25/840  ""VIMA ASCENSORI SRL""",8.21,4.46,8.27,0.15,3.13,4.25,28.47
"25/844  ""SAT SRL""",27.16,6.34,19.31,0.32,18.03,20.27,91.43
"25/846  ""CORAL""",3.02,0.65,3.24,0.12,3.1,11.21,21.34
"25/847  ""VIMA ASCENSORI SRL""",2.82,2.71,6.18,0.62,2.28,3.35,17.96
"25/852  ""CORAL""",3.82,2.6,3.0,0.23,,7.84,17.49
"25/856  ""ARE SRL""",4.51,3.24,9.54,,11.99,12.79,42.07
"25/857  ""ARE SRL""",7.86,6.02,6.14,0.78,5.45,7.63,33.88
"25/858  ""ARE SRL""",4.48,4.9,9.23,0.52,8.19,4.62,31.94
"25/859  ""ARE SRL""",5.06,3.78,4.11,0.9,5.13,3.03,22.01
"25/860  ""ARE SRL""",0.22,,0.48,0.17,,,0.87
"25/861  ""ARE SRL""",,,,,4.45,,4.45
"25/862  ""MBB ASCENSORI SRL""",,,,,0.65,,0.65
"25/863  ""ZEUS ELECTROSTATIC SYSTEM SRL""",0.35,,,,,,0.35
"25/864  ""RIAM ASCENSORI SRL""",,,0.35,,0.48,,0.83
"25/868  ""RIAM ASCENSORI SRL""",0.37,,1.27,,0.55,,2.19
"25/870  ""SCHINDLER SPA""",,,0.77,,,,0.77
"25/871  ""SELE LIFT SRL""",5.65,4.61,9.54,0.23,9.5,6.95,36.48
"25/872  ""RIAM ASCENSORI SRL""",,,3.49,,0.52,,4.01
"25/873  ""GRUPPO OCMA SRL""",9.35,10.0,13.01,,9.42,6.16,47.94
"25/874  ""DFV BRASIL LTDA""",0.1,,,,,,0.1
"25/876  ""AMCA ELEVATORI SRL""",1.83,1.29,3.53,0.35,,,7.0
"25/878  ""ARE SRL""",4.07,5.26,5.83,0.74,11.86,6.31,34.07
"25/879  ""FEREGOTTO ELEVATORI SRL""",6.99,1.5,7.19,,14.87,1.35,31.9
"25/880  ""AMMAR SRL""",8.7,6.25,10.84,0.29,12.6,5.82,44.5
"25/881  ""BULGHERINI PU""",20.04,6.31,18.63,,19.12,19.16,83.26
"25/882  ""EP ELEVATORI PREMONTATI SRL""",12.19,5.96,15.09,0.17,11.55,6.77,51.73
"25/884  ""ARE SRL""",0.1,0.28,0.63,,,,1.01
"25/885  ""ARE SRL""",10.57,2.83,12.18,0.87,39.27,5.54,71.26
"25/886  ""ARE SRL""",5.43,1.29,9.9,0.48,13.72,4.9,35.72
"25/887  ""ARE SRL""",9.88,7.57,14.45,0.1,9.04,4.66,45.7
"25/888  ""ARE SRL""",8.79,6.07,15.44,0.1,15.34,4.95,50.69
"25/889  ""ARE SRL""",4.23,5.54,8.66,0.45,9.23,4.54,32.65
"25/890  ""ARE SRL""",4.91,7.62,5.95,0.83,16.55,2.03,37.89
"25/891  ""SAT SRL""",0.3,,,,,,0.3
"25/893  ""ARE SRL""",4.19,3.48,12.49,0.87,10.59,6.41,38.03
"25/894  ""ARE SRL""",18.11,7.4,13.08,0.55,9.68,3.13,51.95
"25/895  ""ESA ELECOMP SERVIZI ASCENSORI SRL""",0.82,7.5,7.28,0.95,25.09,12.04,53.68
"25/897  ""GD LIFT SRL""",4.49,3.5,8.33,0.64,6.68,2.5,26.14
"25/901  ""ARE SRL""",6.05,5.72,8.45,0.15,7.3,4.4,32.07
"25/902  ""ARE SRL""",10.06,3.56,10.04,0.52,17.88,4.62,46.68
"25/903  ""ARE SRL""",7.42,6.43,9.37,0.13,10.31,6.55,40.21
"25/904  ""ARE SRL""",8.36,5.48,10.08,,10.19,1.76,35.87
"25/905  ""ARE SRL""",6.09,6.43,10.96,,14.87,3.36,41.71
"25/906  ""ARE SRL""",7.48,3.05,8.73,0.17,13.23,2.6,35.26
"25/907  ""SCHINDLER SPA""",8.75,7.79,12.85,0.98,3.72,7.04,41.13
"25/908  ""GUNESTEKIN REFINERY SRL""",,0.98,2.67,0.23,0.95,3.9,8.73
"25/909  ""SELE LIFT SRL""",7.0,4.35,10.7,0.1,10.72,4.97,37.84
"25/910  ""RIAM ASCENSORI SRL""",,,2.67,0.18,0.9,,3.75
"25/911  ""ARE SRL""",7.17,6.39,10.06,,26.45,4.62,54.69
"25/913  ""AMMAR SRL""",0.86,5.1,8.17,,7.09,0.58,21.8
"25/914  ""SCHINDLER SPA""",,0.96,,0.33,,,1.29
"25/915  ""HECOIT SRL""",0.48,0.17,1.54,0.15,0.5,,2.84
"25/918  ""BULGHERINI PU""",0.57,0.55,1.1,0.12,1.32,,3.66
"25/920  ""SELE LIFT SRL""",0.18,3.86,1.74,0.5,6.6,,12.88
"25/921  ""AIRGAS NORDEST SRL""",17.31,5.56,10.44,0.55,20.32,3.52,57.7
"25/923  ""SAT SRL""",,,,0.08,,,0.08
"25/924  ""LGM ELEVATOR SRL""",13.06,3.02,15.48,,13.59,3.52,48.67
"25/927  ""ARE SRL""",6.18,6.29,12.45,,29.07,6.37,60.36
"25/928  ""ARE SRL""",3.29,6.08,8.63,,5.85,3.04,26.89
"25/929  ""ARE SRL""",8.15,2.48,7.69,,10.51,5.28,34.11
"25/930  ""ARE SRL""",4.51,2.5,12.75,,15.14,2.93,37.83
"25/931  ""OMET SRL""",17.02,3.91,7.61,0.32,3.67,,32.53
"25/933  ""CSM LIFT SRLS""",11.84,5.87,11.72,,9.06,8.05,46.54
"25/937  ""RIAM ASCENSORI SRL""",,,,,3.28,,3.28
"25/940  ""ANGARONE ASCENSORI SRL""",8.17,5.68,9.12,,5.85,4.23,33.05
"25/941  ""COBALTO SNC""",20.9,15.21,11.66,0.15,14.5,10.8,73.22
"25/942  ""ANGARONE ASCENSORI SRL""",1.0,5.67,9.94,,8.86,6.23,31.7
"25/943  ""ELECTRO-LIFT SRL""",,,,,31.16,,31.16
"25/944  ""ARE SRL""",9.38,2.94,9.71,,33.07,3.73,58.83
"25/945  ""ARE SRL""",7.89,9.88,16.9,,16.84,3.53,55.04
"25/946  ""ARE SRL""",6.62,2.18,9.15,,14.37,3.55,35.87
